Topik,Tanggal,Judul,isi
Politik,"Selasa, 22 Maret 2022 - 14:26 WIB","Hadapi Pemilu 2024, PKS Gelar Konsolidasi Pimpinan Nasional",Fraksi PKS DPR akan mengadakan Konsolidasi Nasional bagi Pimpinan Fraksi PKS dan DPRD seluruh Indonesia. Hal ini untuk memantapkan kerja menuju Pemilu 2024.
Politik,"Selasa, 22 Maret 2022 - 14:10 WIB","Isu Reshuffle Mencuat, Gerindra Beri Respons Begini","Isu perombakan (reshuffle) kabinet kembali mencuat di permukaan publik. Kabarnya, Presiden Jokowi akan kocok ulang kabinetnya pada hari Rabu (23/3/2022)."
Hankam,"Selasa, 22 Maret 2022 - 14:02 WIB","Jenderal Andika Akan Diangkat Jadi Warga Kehormatan Marinir, Reaksinya Mengejutkan!","Komandan Korps Marinir Mayjen TNI (Mar) Widodo Dwi Purwanto yang dilantik pada 7 Februari 2022, menghadap Panglima TNI Jenderal Andika Perkasa di Mabes TNI."
Hankam,"Selasa, 22 Maret 2022 - 13:45 WIB",KPU Kembali Tegaskan Tidak Ada Penundaan Pemilu 2014,Ketua Komisi Pemilihan Umum (KPU) Ilham Saputra kembali menegaskan tidak ada penundaan Pemilu 2024. KPU terus mempersiapkan dan melanjutkan tahapan pemilu sesuai jadwal.
Opini,"Selasa, 22 Maret 2022 - 13:42 WIB",Mengenal Komunikasi Pemasaran Jasa di Era Disrupsi,"Menghadapi era disrupsi tentu tidak hanya dihadapkan pada persoalan inovasi dan pemanfaatan teknologi untuk bisnis jasa, namun kemampuan beradaptasi."
Hukum,"Selasa, 22 Maret 2022 - 13:08 WIB",KPK Kembali Usut Pengadaan E-KTP lewat PNRI dan Swasta,KPK menyelidiki kembali pengadaan E-KTP yang diduga merugikan keuangan negara hingga triliunan rupiah di Perum Percetakan Negara Republik Indonesia (PNRI).
Hukum,"Selasa, 22 Maret 2022 - 12:42 WIB",Polri Ralat Pernyataan Crazy Rich Malang Juragan 99 Dilaporkan ke Bareskrim,Polri meralat pernyataan terkait Gilang Widya Pramana atau Juragan 99 dilaporkan ke Bareskrim Polri atas dugaan penipuan dan kejahatan rahasia dagang.
Hukum,"Selasa, 22 Maret 2022 - 12:34 WIB",Yudi Latif: Penundaan Pemilu Menghancurkan Demokrasi,"Akademisi Universitas Paramadina, Yudi Latif menyatakan bahwa Indonesia masih jauh dari sistem demokrasi sesungguhnya. Demokrasi yang masih sekadar prosedural ini akan rusak jika Pemilu ditunda."
Hukum,"Selasa, 22 Maret 2022 - 11:59 WIB",Surat Suara Pemilu 2024 Disederhanakan Jadi 2 atau 3 Lembar,"Komisi Pemilihan Umum (KPU) menggelar simulasi penyederhanaan surat suara untuk Pemilihan Umum (Pemilu) 2024 di halaman kantor KPU RI, Jakarta, Selasa (22/3/2022)."
Hukum,"Selasa, 22 Maret 2022 - 11:47 WIB","Haul ke-5 KH Hasyim Muzadi, Rais Aam PBNU: Saya Pengagum Beliau","Puncak Haul ke-5 KH Hasyim Muzadi telah digelar di Masjid Pesantren Al-Hikam Depok, Jawa Barat, Minggu (20/3/2022)."
Hukum,"Selasa, 22 Maret 2022 - 11:41 WIB",Juragan 99 Crazy Rich Malang Dilaporkan ke Bareskrim,"Karo Penmas Divisi Humas Polri Brigjen Pol Ahmad Ramadhan mengatakan, Gilang Widya Pramana atau yang dikenal dengan Juragan 99, dilaporkan ke Bareskrim."
Hukum,"Selasa, 22 Maret 2022 - 11:12 WIB",KPK Periksa Mantan Ketum PPP Romahurmuziy terkait Kasus DAK 2018,"Penyidik Komisi Pemberantasan Korupsi (KPK) mengagendakan pemeriksaan terhadap mantan Ketua Umum PPP, M Romahurmuziy, Selasa (22/3/2022) hari ini."
Hukum,"Selasa, 22 Maret 2022 - 11:09 WIB","Pemilu 2024, PPATK Sebut Tak Boleh Adu Kekuatan Uang","Kepala Pusat Pelaporan dan Analisis Transaksi Keuangan (PPATK), Ivan Yustiavandana mengantisipasi money politics atau politik uang menjelang Pemilu 2024."
Hukum,"Selasa, 22 Maret 2022 - 10:34 WIB","Reuni di ADC Australia, Nama KSAU Marsekal TNI Fadjar Prasetyo Diabadikan di Daftar Alumni Kehormatan",Kepala Staf Angkatan Udara (KSAU) Marsekal TNI Fadjar Prasetyo melakukan kunjungan nostalgia ke Australian Defence College (ADC) sebagai alumnus.
Hukum,"Selasa, 22 Maret 2022 - 10:18 WIB",Masa Tahanan Hakim Nonaktif PN Surabaya Itong Isnaeni Diperpanjang,"Komisi Pemberantasan Korupsi (KPK) perpanjang masa penahanan Hakim nonaktif Pengadilan Negeri (PN) Surabaya, Itong Isnaeni Hidayat (IIH) 30 hari ke depan."
Hukum,"Selasa, 22 Maret 2022 - 10:04 WIB",Mobile IP Clinic Dorong Bali Kembangkan Pariwisata Melalui Pelindungan KI,Pemerintah melalui Kementerian Hukum dan Hak Asasi Manusia (Kemenkumham) terus komitmen mendukung pemulihan ekonomi nasional melalui upaya-upaya mendorong peningkatan potensi kekayaan intelektual (KI).
Hukum,"Selasa, 22 Maret 2022 - 09:52 WIB",Rivan Purwantono: Jasa Raharja Gelar Pelatihan Turunkan Fatalitas Korban Kecelakaan,"Kecelakaan lalu lintas masih menjadi salah satu penyebab meninggal dunia terbesar di Indonesia bahkan di dunia, di mana berdasarkan data setiap tahunnya puluhan ribu nyawa melayang sia-sia di jalan."
Hukum,"Selasa, 22 Maret 2022 - 09:19 WIB",PBNU: Pengunduran Diri KH Miftachul Bukan Representasi Nahdlatul Ulama,"Pengunduran diri Rais Aam PBNU KH Miftachul Akhyar dari jabatan Ketua Umum Majelis Ulama Indonesia (MUI) Pusat, dinilai bukanlah representasi NU."
Hukum,"Selasa, 22 Maret 2022 - 08:52 WIB","Jalin Hubungan Bilateral, KSAU Temui Sejumlah Pemimpin AU Dunia","Marsekal Fadjar melakukan pertemuan bilateral sehari menjelang Air and Space Power Conference di National Convention Centre, Canbera, Senin, (21/3/3022)."
Hukum,"Selasa, 22 Maret 2022 - 08:32 WIB","Jika Tak Setuju, KPU Persilakan Bawaslu Gugat PKPU Pendaftaran Parpol",KPU mempersilakan Badan Pengawas Pemilu (Bawaslu) jika memiliki rencana akan menggugat PKPU tentang pendaftaran partai politik calon peserta Pemilu 2024.
Hukum,"Selasa, 22 Maret 2022 - 07:56 WIB",Peristiwa 22 Maret: Liga Arab Didirikan dan Ahli Nuklir Indonesia Meninggal,"Beberapa peristiwa sejarah penting terjadi baik dalam negeri maupun luar negeri, yang terjadi pada tanggal 22 Maret. Di antaranya berdirinya Liga Arab."
Hukum,"Selasa, 22 Maret 2022 - 07:42 WIB",Rizky Billar Diperiksa Bareskrim Hari Ini Terkait Kasus Doni Salmanan,Penyidik Bareskrim Polri menjadwalkan melakukan pemeriksaan terhadap Artis Rizky Billar. Hal ini terkait kasus dugaan penipuan yang menjerat Doni Salmanan.
Hukum,"Selasa, 22 Maret 2022 - 06:45 WIB","Ada Prabowo di Gerindra, Sandiaga Dinilai Akan Sadar Posisi dan Patuh","Sedangkan Sandiaga merupakan kader Partai Gerindra, di mana saat bersamaan Ketua Umum Partai Gerindra Prabowo Subianto, juga dijagokan menjadi capres."
Hukum,"Selasa, 22 Maret 2022 - 06:09 WIB","Perang Rusia-Ukraina, Panglima TNI: Banyak Hal yang Dipelajari","Panglima TNI Jenderal TNI Andika Perkasa menyebutkan, banyak yang dipelajari dari konflik yang terjadi antara Rusia-Ukraina dari perkembangan yang terjadi."
